{"cameraMode":{"drawMode":0,"name":"Shaded","section":"Shading Mode"},"sceneLighting":false,"audioPlay":false,"sceneViewState":{"m_AlwaysRefresh":false,"showFog":true,"showSkybox":false,"showFlares":true,"showImageEffects":true,"showParticleSystems":true,"showVisualEffectGraphs":true,"m_FxEnabled":false},"in2DMode":false,"pivot":{"x":-1.972588300704956,"y":0.9715503454208374,"z":4.790703296661377},"rotation":{"x":0.058908190578222278,"y":0.8835770487785339,"z":-0.11569949239492417,"w":0.4499748945236206},"size":0.2696983516216278,"orthographic":false}