{"cameraMode":{"drawMode":0,"name":"Shaded","section":"Shading Mode"},"sceneLighting":false,"audioPlay":false,"sceneViewState":{"m_AlwaysRefresh":false,"showFog":true,"showSkybox":false,"showFlares":true,"showImageEffects":true,"showParticleSystems":true,"showVisualEffectGraphs":true,"m_FxEnabled":false},"in2DMode":false,"pivot":{"x":0.5264685153961182,"y":0.7400000095367432,"z":7.73939323425293},"rotation":{"x":0.058908190578222278,"y":0.8835770487785339,"z":-0.11569949239492417,"w":0.4499748945236206},"size":1.7320507764816285,"orthographic":false}