{"cameraMode":{"drawMode":0,"name":"Shaded","section":"Shading Mode"},"sceneLighting":true,"audioPlay":false,"sceneViewState":{"m_AlwaysRefresh":false,"showFog":true,"showSkybox":true,"showFlares":true,"showImageEffects":true,"showParticleSystems":true,"showVisualEffectGraphs":true,"m_FxEnabled":false},"in2DMode":false,"pivot":{"x":3.623192310333252,"y":-0.37011072039604189,"z":12.709418296813965},"rotation":{"x":0.14291371405124665,"y":-0.06483329832553864,"z":0.009366657584905625,"w":0.9876663684844971},"size":8.090124130249024,"orthographic":false}