{"cameraMode":{"drawMode":0,"name":"Shaded","section":"Shading Mode"},"sceneLighting":true,"audioPlay":false,"sceneViewState":{"m_AlwaysRefresh":false,"showFog":true,"showSkybox":true,"showFlares":true,"showImageEffects":true,"showParticleSystems":true,"showVisualEffectGraphs":true,"m_FxEnabled":false},"in2DMode":false,"pivot":{"x":2.5687367916107179,"y":-5.170554161071777,"z":13.533671379089356},"rotation":{"x":0.2764545977115631,"y":-0.02839323878288269,"z":0.008171538822352887,"w":0.9606775045394898},"size":10.081767082214356,"orthographic":false}