{"cameraMode":{"drawMode":0,"name":"Shaded","section":"Shading Mode"},"sceneLighting":true,"audioPlay":false,"sceneViewState":{"m_AlwaysRefresh":false,"showFog":true,"showSkybox":true,"showFlares":true,"showImageEffects":true,"showParticleSystems":true,"showVisualEffectGraphs":true,"m_FxEnabled":false},"in2DMode":false,"pivot":{"x":-11.727261543273926,"y":-0.20018374919891358,"z":15.244504928588868},"rotation":{"x":-0.0449906624853611,"y":0.0028936725575476887,"z":0.00005388719728216529,"w":-0.9990981221199036},"size":8.008543968200684,"orthographic":false}