{"cameraMode":{"drawMode":0,"name":"Shaded","section":"Shading Mode"},"sceneLighting":false,"audioPlay":false,"sceneViewState":{"m_AlwaysRefresh":false,"showFog":true,"showSkybox":false,"showFlares":true,"showImageEffects":true,"showParticleSystems":true,"showVisualEffectGraphs":true,"m_FxEnabled":false},"in2DMode":false,"pivot":{"x":3.319999933242798,"y":1.443920612335205,"z":1.1460955142974854},"rotation":{"x":0.2764545977115631,"y":-0.02839323878288269,"z":0.008171538822352887,"w":0.9606775045394898},"size":0.7092376947402954,"orthographic":false}